,,Author,Date,Score,Message,isPremium,Summary,"Profile Url","Profile Image"
1,,Skankia,"2026-04-20 13:04:46",12,"1. Tydlig bias bland användarna, men vem förväntar sig annat från en plattform med många terminally online yngre människor. Varierande tonläge med ömsom kunniga och vältaliga användare till grötmyndiga gymnasieelever som förklarar hur allting faktiskt ligger till och varför allt högern gör är ondska. 

2. När man märker att motparten dels inte är mottaglig för argument dels inte kommer överväga möjligheten att den har fel. Finns ingen poäng att diskutera med såna. 

3. Bra mods håller sig så långt borta från diskussioner som möjligt och agerar endast när någon tramsar på ett sätt som bara är avsett att förstöra trådarna, exempelvis spam. 

4. 95% av Sweden och Sverige är bara ämnade att förstärka en redan övertygad grupps uppfattning sinsemellan. Man skickar lite sarkatiska /s kommentarer så resten av fårahjorden förstår att man är på deras sida så man få de där fina uppduttarna och känner sig tillhörande. Och god. Framförallt god. Det är det viktigaste. 

Som avslutande kommentar bör alla depressions/foreveralone/arbetslöshets-inlägg förstöras. Mer ett problem på r/Sweden.",no,,https://www.reddit.com/user/Skankia/,https://www.redditstatic.com/avatars/defaults/v2/avatar_default_6.png
2,,Pfizerslut,"2026-04-20 13:05:17",0,"Eftersom reddit samt mod i varje comunity (dom stora) drivs av myndigheten så är det alltid ett politisk agenda bakom i t.ex avstängningar, varningar, raderade inlägg. Har helt slutat skriva samt även på flashback då det drivs på exakt samma sätt, pga att det är ett statligt forum som låtsas vara privatägd.

Är riktigt komiskt och se alla myndighets troll när dom postar trådar med mål att vara påverkan operation. t.ex ukraina kriget, ryssbotts agendat, fake upvotes när man har en artikel om t.ex politik som myndigheten vill pusha osv osv

För att sen inte tala om det värsta, och det är den extra mängden AI konton myndigheten använder här samt flashback",no,,https://www.reddit.com/user/Pfizerslut/,https://www.redditstatic.com/avatars/defaults/v2/avatar_default_0.png
3,,captainfalcon93,"2026-04-20 13:10:11",5,"Det är förmodligen bra att ställa den här frågan på fler subreddits än r/sverige, då r/sverige endast är ett av flera subreddits på svenska (och är heller inte den största).

Då frågan ställs i r/sverige svarar jag specifikt hur det är på r/sverige (och inte på övriga delar av svenska reddit).



1: Det politiska tonläget är definitivt vinklat åt höger. 

Det finns ett fåtal användare, bl.a moderator för själva r/sverige som dagligen postar mängder av högerpolitiskt vinklade trådar och kommenterar i stort sett varje timme, varje dag inom samtliga trådar. 

Det upplevs väl lite som ett 'vi-mot-dem' i samband med att det finns några fåtal konton som står för den absoluta majoriteten av innehållet här och är aktiva genom förolämpningar och downvotes när någon 'går emot strömmen' och exempelvis kritiserar högerpolitik eller främlingsfientlighet. Just invandringsfrågan är väldigt stark här, då det finns en del konton som förmodligen blivit bannade från andra subreddits som flockats hit och där i ryms det Sverigedemokrater till öppet nynazister som gör nidbilder av invandrare.

På senare tid har det däremot blivit allt mer vanligt att fler och fler användare som inte riktigt följer den mallen också börjat debattera mer (förmodligen pga valår) och man ser 'etablissemanget' (modteam + återkommande högerkonton) bli bemötta av växande kritik och motstånd.

Nivån är sällan särskilt hög, det är fortfarande mycket förolämpningar och en hel del trollande (inklusive från moderatorn) men ibland kan det hända att man får möjlighet till något mer givande än så.

2:  Nej, inte för min del. Det är väl främst när diskussionen inte längre verkar givande eller inte har något egentligt syfte som jag känner att man enkelt kan lämna. 

Förolämpningar, provocerande beteende och personliga påhopp avskräcker mig inte - det är snarare tecken på att personen man diskuterar med har gett upp om egentliga resonemang, vilket om något är ett bevis på att man haft/har en poäng som den andra inte riktigt kan förneka eller argumentera emot.

3:  En bra moderator agerar opartiskt och i syfte att upprätthålla regler för att det ska finnas en god miljö att diskutera och debattera i. Det är extra viktigt för en politisk subreddit som r/sverige. Moderatorn ska också agera med ansvar och inte utnyttja extra tillgångar för egen del, genom att exempelvis utnyttja förmågan att läsa/skriva till kommentarer och trådar man vanligtvis inte hade haft tillgång till (något som vart lite av en skandal här inne, på sistone).

4: För min del är det alltid lärorikt, även när det blir fientligt och aggressiv stämning gentemot en. Polariseringen är påtaglig, men det bekämpar man nog bäst genom att ständigt söka upplysning och förståelse samt komma med konkreta, rimliga resonemang grundade i exempelvis empiri för att bemöta just den typen av inflammerande retorik som anspelar på känslor i första hand (något som är vanligt förekommande både här och på andra ställen).",no,,https://www.reddit.com/user/captainfalcon93/,https://preview.redd.it/snoovatar/avatars/bed83a03-0768-4c1e-857c-3e6413d923f2-headshot.png?auto=webp&s=74393065523c35dbedc041fc2c484228cda28961
4,,Skankia,"2026-04-20 13:19:47",3,"Skulle du säga att de problem med slagsida åt höger återfinns på r/Sweden men åt vänster? ",no,,https://www.reddit.com/user/Skankia/,https://www.redditstatic.com/avatars/defaults/v2/avatar_default_6.png
5,,ICA_Basic_Vodka,"2026-04-20 13:21:11",7,"Till moderatorer

1. Vad är svårast med att moderera just ämnen som berör politik? Är det att hinna med, att tolka reglerna rättvist, eller något annat?
2. Hur märker ni att en tråd håller på att spåra ur? Finns det tidiga tecken eller mönster ni kollar efter innan det blir fullt krig i kommentarsfältet?
3. Upplever ni en avsaknad av verktyg för att hantera eskalering av polariserande diskussioner?
4. Kan ni beskriva hur ni brukar gå till väga i beslutsfattningen av om en tråd ska tas bort eller vara kvar?

Mitt svar - en av Modsen här:

**1.** Politik? Det är bland det enklaste, för det är sällan som just politiska debatter går över gränsen, dvs. strider mot våra regler. Tvärt om brukar just politiska trådar kräva väldigt lite av oss Mods då de allra flesta debattörer håller sig inom reglerna i sådana trådar. Så vill man ha ett skönt liv som Mod så skall man ha en sub med mycket politik, för det är knappt det behöver modereras alls här så skötsamma som alla våra medlemmar och besökare är då.

Verkar inte som att svensk inrikespolitik får topplocket att ryka på folk helt enkelt, vi har inte så stora skiljelinjer, har inga stora konflikter - och sådana trådar lockar inte till sig de värsta dårarna heller som andra ämnen.

**2.** Syns direkt på ämnet, på tråden. Om den som postat medvetet eller omedvetet skapat en extra kontroversiell tråd om ett ämne som väcker starka känslor och tagit en position direkt i tråden som triggar många i motsatt falang. Då brukar det bli många rapporter som faktiskt rapporterar regelbrott och inte bara rena trams-rapporter, och brukar bli många som skriver saker som strider mot våra regler.

Kontroversiella ämnen kan leda till en upphetsad stämning och då kan både det språk som används och de åsikter som förs fram komma att bli extra aggressiva helt enkelt, och vi tror att vissa gjort det till en konst att posta precis sådana trådar, noga utformade för att trigga, trolla och baita, för att de tycker det är kul eller vill ge vår sub dåligt rykte, eller helt enkelt försöker få den att bli avstängd av Reddit (de har inte lyckats på 17 år så det var ju lite bortkastad energi)

**3.** Egentligen inte, vi har ingen avsikt att hantera eskalering av polariserande diskussioner nämligen. Så länge våra besökare och medlemmar håller sig inom våra regler så står det dom fritt att skriva vad som vill, vi har ingen ambition att leka polis eller dagisfröken här och säga åt folk att vara snälla. Så nej, saknar inget externt verktyg. Reddits inbyggda kunde bli bättre däremot, men det är en annan femma. Vi har de verktyg vi behöver och en tydlig ""trappa"" med sanktioner att tillgå.

**4.** Vissa ser man direkt - tex. spam, alltså ren reklam, olaga hat eller regelrätt rasism. De ryker. Sedan är det mera en sammantagen bild runt huruvida dom lever upp till våra trösklar och hur våra besökare reagerar på dom, det vi utåt kallar regel #5 ""Ingen för low-effort shit-posting"".

Det mesta som tas ner här är low-effort trådar, dvs. där trådskaparen inte ens bemödat sig att förklara vad hen vill debattera, men vi plockar ner agendadrivande hat-trådar ibland med, där uppsåtet inte verkar vara att föra en saklig debatt utan bara att hata. Sånt ryker.

Hoppas att det gav bra svar - bara att fråga om du/ni undrar något mera!",no,,https://www.reddit.com/user/ICA_Basic_Vodka/,https://styles.redditmedia.com/t5_811s4u/styles/profileIcon_jg2446wky6ug1.png?frame=1&auto=webp&crop=256%3A256%2Csmart&s=c91fd759dabf6e3d518ec99662a08557f7d93767
6,,BiggerCabbage,"2026-04-20 13:21:45",1,"Vilken myndighet?",no,,https://www.reddit.com/user/BiggerCabbage/,https://www.redditstatic.com/avatars/defaults/v2/avatar_default_0.png
7,,Pfizerslut,"2026-04-20 13:24:08",1,"Eftersom sverige nu är ett nato land dvs israeliskt så mossad. Är trots allt dom som utvecklade internet och skapade AI från start (sverige delen av reddit, men antar att det sköts av säkerhets tjänsten för varje lands forums del)",no,,https://www.reddit.com/user/Pfizerslut/,https://www.redditstatic.com/avatars/defaults/v2/avatar_default_0.png
8,,captainfalcon93,"2026-04-20 13:24:22",-1,"Nej, inte riktigt. 

Till skillnad från r/sverige så är inte r/sweden en politisk sub, varpå det finns regler om att posta politiskt innehåll (förmodligen i syftet att undvika att det blir som här).

Det är också betydligt flera användare och mer variation bland användare och moderatorer på r/sweden, även om det samtidigt går att tolka utifrån kommentarstrådar att användare generellt sett är mer vänster på r/sweden. 

Här är både moderering och kärnanvändare åt höger, varpå det är en politisk sub där det märks av ännu tydligare.

Edit: Med *moderering* menar jag i det här fallet ansvaret att enbart använda sina förmågor som mod till att specifikt moderera, inte missbruka dessa till att föra debatt.",no,,https://www.reddit.com/user/captainfalcon93/,https://preview.redd.it/snoovatar/avatars/bed83a03-0768-4c1e-857c-3e6413d923f2-headshot.png?auto=webp&s=74393065523c35dbedc041fc2c484228cda28961
9,,Pfizerslut,"2026-04-20 13:30:31",2,"Har man använt flashback/reddit senaste 15 åren så ser man igenom detta kristallklart. något ändrades efter pandemin, sån extrem cencur och gigantiska påverkan operationer samt raderade inlägg med agendan som pushades

Som mitt inlägg ovan, fick PM av mod att jag blev avstängd pga mitt medelande. Gick inte ens skriva detta utan att bli bannad

På något sätt går det nu endå? men såg att du kommenterade med en fråga så blev förmodligen un-banned för att jag ska kunna svara på din fråga. varav ditt konto är även ""top 1 commentor"" vilket brukar vara bott konton

Så blev un bannad bara för att kunna berätta hur jag ser igenom detta så att ni ska få tips på hur ni ska kunna dölja er bättre

Men samtidigt så gör ni det ju så öppet att man måste nästan vara utvecklingstörd för att inte se det. Men hade jag varit helt ny på reddit och flashback så hade jag haft betydligt svårare att se igenom det",no,,https://www.reddit.com/user/Pfizerslut/,https://www.redditstatic.com/avatars/defaults/v2/avatar_default_0.png
10,,kapitalistisktsvin,"2026-04-20 13:31:12",4,"Jag brukar backa eller i värsta fall blocka när personer struntar i det man diskuterar och försöker skada en, genom tex förolämpningar eller söka upp historik och försöka sätta dit en som allmänt klandervärd. Då orkar jag oftast inte längre. 

Sverige är bra för att det är högt i tak. Personer som är alignade med pk-åsikter klarar inte av öppet tak och lämnar Sverige ganska snabbt. Dom brukar söka sig till Sweden bland annat.

Jag tycker moddarna och reglerna i den här subredditen är lagom. Det sker mycket maktmissbruk från mods på andra reddits.",no,,https://www.reddit.com/user/kapitalistisktsvin/,https://www.redditstatic.com/avatars/defaults/v2/avatar_default_4.png
11,,Skankia,"2026-04-20 13:31:14",7,"Uppfattar r/Sverige som en fängelsekoloni för r/Sweden vilket skulle förklara varför det är slagsida till höger här men jag som höger upplever r/Sweden som i stort sett ett SSU/UV forum strösslat med lite syndikalism. Förvånansvärt lite Mp faktiskt. Sen har du rätt i att den här subben är mycket mer uttalad politiskt. ",no,,https://www.reddit.com/user/Skankia/,https://www.redditstatic.com/avatars/defaults/v2/avatar_default_6.png
12,,Independent_Depth674,"2026-04-20 13:33:41",6,"1. Det blir snabbt vi mot dem, i den här subben och de flesta andra, vilket jag tror har att göra med hur Reddit är uppbyggt, med upp- och nerröstningar, algoritmen för vilka som får syn på tråden och hur lätt det är för stora grupper att ge sig på en enskild tråd och överbelasta den med ett perspektiv. Det kan till exempel vara övervägande höger i den här subben som helhet men så kan enskilda trådar vara extremt kraftiga åt vänster, bara för att tråden kanske började luta åt ett håll och sen förstärktes det.

Jag upplever att alla får komma till tals men alla tas ju så klart inte på allvar.

2. Jag backar ur när jag tröttnar. Det kan vara för att personen är tråkig, eller att jag har annat för mig, eller att jag kanske redan har haft en liknande diskussion alldeles nyss, eller att jag märker att jag håller på att köra ner i diket och det är bäst att börja hålla ögonen på vägen.

3. Svårt att säga vad bra moderation är. Det hänger på vad det resulterande diskussionsklimatet blir. Sånt som helt förstör samhällsklimatet såsom botting, sock puppets, trollkonton, spammanden och folk som anmäler allt och alla har till exempel ingen plats här. Det är bara intressant om det är riktiga människor som i viss mån känner för att stöta och blöta idéer. Bra moderation klippet gräset och rensar bort ogräs så att vi andra kan spela boll.

4. Lite av varje. Eller mycket.",no,,https://www.reddit.com/user/Independent_Depth674/,https://styles.redditmedia.com/t5_2wwtzk/styles/profileIcon_312hrqxq9wqf1.png?frame=1&auto=webp&crop=256%3A256%2Csmart&s=79bf86c4fa0f6e7641a1cc53d9da34c03e6d556a
13,,MrOaiki,"2026-04-20 13:37:37",3,"Användare här:

1. På r/svenskpolitk tillåts ingen politisk uppfattning som går emot moderatorernas. Ideologier som är förbjudna är sådana som går emot miljöpartiets kärnpolitik och sådana som är för Israel. När det gäller r/Sverige och r/Sweden så är det inga problem att diskutera politik. Generellt lutar r/Sweden mer åt vänsterfalangen inom socialdemokratin och ibland rentav in i vänsterpartiet. Så normativa frågor där ""mer pengar till alla"" inte stöds, brukar röstas ner. Men åter igen, diskussionen fungerar utmärkt och alla kommer till tals utan bannlysning. Tonläget är ganska sansat.

2. När diskussioner hamnar i rent normativa resonemang så brukar det bara finnas några få interaktioner fram och tillbaka kvar innan man nått vägs ände för ett diskussionsforum. Exempelvis vill jag inte minska min standard varesig när det gäller att flyga hur mycket jag vill eller äta importerad ananas mitt i vintern. Någon annan kanske tycker att det är viktigt att jag slutar flyga och att jag slutar äta ananas mitt i vintern. När man nått den punkten i diskussionen så finns det ju inte så mycket mer att prata om förutom rent normativ filosofi. Så långt brukar inte diskussioner gå och bör inte heller gå, det är liksom lite strunt samma om person A vill äta kött och person B inte vill det.

3. Personpåhopp är där gränsen bör dras. När folk börjar prata om att den andre är ""dum i huvudet"" eller ""fattar ingenting"" för att man inte håller med, är inte speciellt givande. Varken för de som diskuterar eller de som läser diskussionen. När moderatorer börjar ta bort inlägg och bannlysa människor som de helt enkelt inte håller med, då hamnar man i censur. Vissa människor (inklusive moderatorer) har dock en så stark ideologisk övertygelse att de inte ens kan tänka sig att någon inte skulle hålla med. De associerar vissa normativa uttalanden med rent deskriptiva fel. Exempelvis kan en person skita i miljön utan att för den delen förneka människans utsläpp. Det är inte klimatförnekelse.

4. Ja, det finns många bra diskussioner. Intressantast blir de när två användare har sakkunskap i en fråga och kan underbygga sina argument. Då lär man sig mycket av att bara läsa de två ståndpunkterna. Sämst blir diskussionerna när det är människor som har fel och sen bygger sina åsikter kring felaktiga premisser. Då är det inte speciellt givande.",no,,https://www.reddit.com/user/MrOaiki/,https://styles.redditmedia.com/t5_bcajn/styles/profileIcon_snoo88f50efb-77b6-43bd-ab90-98821ae78e97-headshot-f.png?frame=1&auto=webp&crop=256%3A256%2Csmart&s=302ff46c75d364285a5f8f8406f2fb9bb735b313
14,,ICA_Basic_Vodka,"2026-04-20 13:39:07",2,"Här är både moderering och kärnanvändare åt höger,

Kan du beskriva hur **modereringen** är åt höger här tack? Vore spännande att höra. Tack på förhand!",no,,https://www.reddit.com/user/ICA_Basic_Vodka/,https://styles.redditmedia.com/t5_811s4u/styles/profileIcon_jg2446wky6ug1.png?frame=1&auto=webp&crop=256%3A256%2Csmart&s=c91fd759dabf6e3d518ec99662a08557f7d93767
15,,Maleficent_Hawk5158,"2026-04-20 13:45:33",-2,"Varför ska man censurera polariserande diskussioner. Jesus sa *""Tror ni att jag har kommit för att skapa fred på jorden? Nej, säger jag er, däremot splittring.""* (Luk 12:51, Svenska Kärnbibeln/Bibel 2000).

*""Inifrån, ur människans hjärta, kommer de onda tankarna... högmod och dårskap. Allt detta onda kommer inifrån och gör människan oren.""* (**Markusevangeliet 7:21-23**)

*""Gör mäktiga verk med sin arm, han skingrar dem som har stolta planer i sina hjärtan.""* (**Lukasevangeliet 1:51**)

Han fördömde de stolta och högmodiga och upphöjde de ödmjuka, ni är inte längre ödmjuka inom universiteten utan vill endast upphöja er själva. 

Stolthet är en synd! All censur är åt helvete, hur ska man finna skurkarna om man censurerar allt? Sen att censurera bottar är väl en sak, fast då ska de ta reda på vem som gjort den även, att censurera leder ingen vart.

Jesus listade stolthet (högmod) som en av de onda saker som förorenar en människa från insidan:

>*""Inifrån, ur människans hjärta, kommer de onda tankarna... högmod och dårskap. Allt detta onda kommer inifrån och gör människan oren.""* (**Markusevangeliet 7:21-23**)Jesus listade stolthet (högmod) som en av de onda saker som förorenar en människa från insidan:""Inifrån,  
 ur människans hjärta, kommer de onda tankarna... högmod och dårskap.   
Allt detta onda kommer inifrån och gör människan oren."" (Markusevangeliet 7:21-23)

Varför censurerar den svenska kyrkan Jesus budord som kan vara grunden för kristendomen för att blidka pride (stolthet) fastän Jesus säger man ska vara ödmjuk, fråga era klasskamrater det är i öppet klassrum. Han sa ödmjukethet leder till visdom och stolthet till fall. 

* *""Där högfärd går in, går skam in, men hos de ödmjuka finns* ***vishet****.""* (Ordspråksboken 11:2)
* *""Högmod går före fall, och stolthet före stjälpning.""* (Ordspråksboken 16:18)

Jag lovar er ni kommer bråka även fast det inte finns något negativt med att faktiskt vara ödmjuk, ni har inget att vara stolt över och de sanna kristna ser ner på er för det. Man ska kunna vara ärliga med vad man ser ned på eller hur? 

Det är stolta personer som skadar andra, en ödmjuk skulle aldrig göra det.





  
",no,,https://www.reddit.com/user/Maleficent_Hawk5158/,https://www.redditstatic.com/avatars/defaults/v2/avatar_default_3.png
16,,captainfalcon93,"2026-04-20 13:45:45",1,"Personen som modererar är själv kraftigt åt höger, politiskt.

Normalt sett kanske det inte skulle innebära att själva modereringen görs utifrån ett högervinklat perspektiv, men jag har även märkt att moderatorn tar sig friheten att använda fördelar man har som mod för att kunna debattera.",no,,https://www.reddit.com/user/captainfalcon93/,https://preview.redd.it/snoovatar/avatars/bed83a03-0768-4c1e-857c-3e6413d923f2-headshot.png?auto=webp&s=74393065523c35dbedc041fc2c484228cda28961
17,,Background_Path_4458,"2026-04-20 13:48:07",2,"Användare:

1. Hårt, tydligt bias (här höger), mycket (extrema) antaganden om ""dem"", att de vill förstöra landet osv.
2. Ofta väldigt skarpa och extrema inledande påståenden (ex. Västern vill bränna sverige, Högern vill göra alla till slavar etc.). Sen finns det lika (lite) plats för alla åsikter men /Sverige och /Sweden har ett visst fördefinierat vi och dem så att säga.
3. När det inte längre är en dialog utan två personer som skriver sin åsikt om och om igen (ibland för att jag inte har lust eller det slutar ge något; ibland är man ju uppe i affekt däremot och då kan det hålla på ett tag).
4. I regel när någon börjar göra mental akrobatik och lägger ord i munnen på en så brukar det vara ett tecken att de inte är intresserade av en dialog. Har aldrig rapporterat någon, de säger ju bara vad de tycker.
5. Moderation ska se till att reglerna (och lagar) följs. Primärt regel 1 och 4 på denna subreddit som är viktiga för mig. Om du har en bra åsikt men inte kan leverera den utan att bryta mot reglerna så är det rätt att du ""censureras"".
6. Det är väl 1-2 på 10 som är konstruktiva, lärorika och som slutar neutralt eller positivt. Ofta är det väl iofs snarare att någon så kraftigt signalerar en position att det inte blir intressant att ens ge sig in i en diskussion.

Edit: Tack för en intressant tråd och ämne!",no,,https://www.reddit.com/user/Background_Path_4458/,https://preview.redd.it/snoovatar/avatars/36f8bcbd-7b93-4c8f-a611-a91dd92698e4-headshot.png?auto=webp&s=dd43e08af2d79b9f3379ff485f0c6ea215e3303f
18,,ICA_Basic_Vodka,"2026-04-20 13:52:37",2,"Det är ju inte moderering. Vet du vad det betyder?",no,,https://www.reddit.com/user/ICA_Basic_Vodka/,https://styles.redditmedia.com/t5_811s4u/styles/profileIcon_jg2446wky6ug1.png?frame=1&auto=webp&crop=256%3A256%2Csmart&s=c91fd759dabf6e3d518ec99662a08557f7d93767
19,,Background_Path_4458,"2026-04-20 13:52:49",3,"Bra svar :)",no,,https://www.reddit.com/user/Background_Path_4458/,https://preview.redd.it/snoovatar/avatars/36f8bcbd-7b93-4c8f-a611-a91dd92698e4-headshot.png?auto=webp&s=dd43e08af2d79b9f3379ff485f0c6ea215e3303f
20,,mrcsrnne,"2026-04-20 13:54:46",0,"…varför blocka?",no,,https://www.reddit.com/user/mrcsrnne/,https://www.redditstatic.com/avatars/defaults/v2/avatar_default_7.png
21,,captainfalcon93,"2026-04-20 13:54:56",4,"Att du i egenskap som mod gör någonting (i det här fallet någonting en användare inte kan göra)?",no,,https://www.reddit.com/user/captainfalcon93/,https://preview.redd.it/snoovatar/avatars/bed83a03-0768-4c1e-857c-3e6413d923f2-headshot.png?auto=webp&s=74393065523c35dbedc041fc2c484228cda28961
22,,Background_Path_4458,"2026-04-20 13:58:03",1,"Vafan säger du, vill du äta Ananas!? /j ;)",no,,https://www.reddit.com/user/Background_Path_4458/,https://preview.redd.it/snoovatar/avatars/36f8bcbd-7b93-4c8f-a611-a91dd92698e4-headshot.png?auto=webp&s=dd43e08af2d79b9f3379ff485f0c6ea215e3303f
23,,ICA_Basic_Vodka,"2026-04-20 13:58:16",1,Tack!,no,,https://www.reddit.com/user/ICA_Basic_Vodka/,https://styles.redditmedia.com/t5_811s4u/styles/profileIcon_jg2446wky6ug1.png?frame=1&auto=webp&crop=256%3A256%2Csmart&s=c91fd759dabf6e3d518ec99662a08557f7d93767
24,,Skankia,"2026-04-20 13:59:19",2,"Vilka fördelar är det? ",no,,https://www.reddit.com/user/Skankia/,https://www.redditstatic.com/avatars/defaults/v2/avatar_default_6.png
25,,ICA_Basic_Vodka,"2026-04-20 14:00:41",1,"Moderering är att ta bort inlägg eller trådar och att banna användare.

Påstår du att konton bannas eller trådar eller inlägg bort utifrån nån slags höger-bias?",no,,https://www.reddit.com/user/ICA_Basic_Vodka/,https://styles.redditmedia.com/t5_811s4u/styles/profileIcon_jg2446wky6ug1.png?frame=1&auto=webp&crop=256%3A256%2Csmart&s=c91fd759dabf6e3d518ec99662a08557f7d93767
26,,bronet,"2026-04-20 14:02:48",-2,"Användare:


1. Riktigt kasst. Finns flertalet användare som gör ALLT till ""vi mot dom"", vilket spårar ur majoriteten av alla diskussioner.


2. Whataboutism, lögner, generellt barnsligt beteende. Att rapportera är helt poänglöst, särskilt eftersom att det ofta är modsen själva som beter sig på detta vis.


3. Tillåt alla åsikter, tillåt inte att de diskuteras hur som helst, eller att åsikter används som en ursäkt för att säga vad som helst. Denna sub är bedrövlig på detta.


4. Till 100% det senare. Än en gång beror detta på en liten mängd användare som i princip bor här, och genom löjliga argumentationstekniker eller dåligt beteende derailar nästintill varje tråd där utrymme till att ta en politisk ställning ges.",no,,https://www.reddit.com/user/bronet/,https://preview.redd.it/snoovatar/avatars/6ebe94ca-afb4-441b-9ad1-702378abf4ec-headshot.png?auto=webp&s=cf379e7023632988d80025416981b9f0f2b17b80
27,,captainfalcon93,"2026-04-20 14:04:04",2,"Okej, du har faktiskt rätt i sak. 

Det är inte själva *modereringen* det är fel på, det vill säga när exempelvis kommentarer eller trådar plockas bort. 

Det är själva förmågan att *kunna moderera* som missbrukats, genom att utnyttja *förmågan att vara moderator* som använts till att driva egen debatt.

Tydligast exempel där moderatorn självmant erkänt att de tar sig själva friheten att 'debattera' i trådar som de annars inte bör haft tillgång till (men har det ändå, genom att vara moderator). 

Sådant återspeglar ju en oseriös *moderering* i dess helhet (inklusive ansvar man har som mod, inte bara vilka åtgärder man utför).",no,,https://www.reddit.com/user/captainfalcon93/,https://preview.redd.it/snoovatar/avatars/bed83a03-0768-4c1e-857c-3e6413d923f2-headshot.png?auto=webp&s=74393065523c35dbedc041fc2c484228cda28961
28,,captainfalcon93,"2026-04-20 14:05:35",4,"Se samtliga trådar och kunna skriva till alla, oavsett om man som moderator blivit blockerad eller själv blockerat användare - det i sig är inte ett problem om det används till moderering, men om det används till att som mod 'debattera' blir det oansvarsfullt.",no,,https://www.reddit.com/user/captainfalcon93/,https://preview.redd.it/snoovatar/avatars/bed83a03-0768-4c1e-857c-3e6413d923f2-headshot.png?auto=webp&s=74393065523c35dbedc041fc2c484228cda28961
29,,ICA_Basic_Vodka,"2026-04-20 14:06:53",2,"Precis!

Men tack, då har vi konstaterat att modereringen här inte har en politisk slagsida, inte har en höger eller vänster-bias. Det är precis vad vi skapades för att inte ha - så det är ett gott betyg!

Tack för svar och trevlig måndag!

P.S. vore fint om du editerade ditt påstående längre upp, men du gör som du vill så klart.",no,,https://www.reddit.com/user/ICA_Basic_Vodka/,https://styles.redditmedia.com/t5_811s4u/styles/profileIcon_jg2446wky6ug1.png?frame=1&auto=webp&crop=256%3A256%2Csmart&s=c91fd759dabf6e3d518ec99662a08557f7d93767
30,,ICA_Basic_Vodka,"2026-04-20 14:14:58",4,"Skulle kunna vara så enkelt som att debattörer som sympatiserade med SD åkte ut i större utsträckning från andra subbar och sökte sig hit, för deras åsikter sågs som ""rasism"" där varpå de bannades.",no,,https://www.reddit.com/user/ICA_Basic_Vodka/,https://styles.redditmedia.com/t5_811s4u/styles/profileIcon_jg2446wky6ug1.png?frame=1&auto=webp&crop=256%3A256%2Csmart&s=c91fd759dabf6e3d518ec99662a08557f7d93767
31,,Skankia,"2026-04-20 14:17:44",5,"Jag vill nog hävda att jag är en av de mer högerorienterade debattörerna på r/Sweden och har aldrig haft problem med moderatorerna där. Har nog mycket med hur du uttrycker din migrationsskepticism att göra. Är ganska högt i tak (sett till moderatorerna) förutsatt att du inte går full on VAM naturligtvis.",no,,https://www.reddit.com/user/Skankia/,https://www.redditstatic.com/avatars/defaults/v2/avatar_default_6.png
32,,kapitalistisktsvin,"2026-04-20 14:19:21",2,"För reddit är som ett tidsfördriv och då vill jag mötas av sånt som får mig att må bra. Någon som förföljer en och skriver massa otrevligheter kan jag vara utan. 

Ibland avblockar jag folk också. Har inte blockat så många men det händer. ",no,,https://www.reddit.com/user/kapitalistisktsvin/,https://www.redditstatic.com/avatars/defaults/v2/avatar_default_4.png
33,,Onaliquidrock,"2026-04-20 14:20:49",0,"Jag tycker ni missar de stora frågorna om bottar och kampanjer från olika grupper.

Något som ofta sker är: en politisk post + ett antal fejkade uppröster och kommentarer 

SD positiva grupper har postat en hel del på det sättet. De var nog mer aktiva innan förra valet, men håller nog fortfarande på.

På Sweddit skedde det en tydlig ökning av den typen av aktivitet från vänsterextrema efter förra valet. De har lyckats vrida Sweddit vänsterut sen dess.

Denna typ av aktivitet påverkar alla de frågor ni har ställt.",no,,https://www.reddit.com/user/Onaliquidrock/,https://styles.redditmedia.com/t5_7ygzz7/styles/profileIcon_snood5974145-f2a6-4797-860c-3242731cbd11-headshot.png?frame=1&auto=webp&crop=256%3A256%2Csmart&s=d67a8c1e2ad35c22149fcabc3341ac8423b35787
34,,ICA_Basic_Vodka,"2026-04-20 14:23:22",2,"Så är det tror jag med. Upplever att man kan skriva samma sak fast med fler och trevligare ord och få föra fram sin åsikt - alltså samma åsikt som med färre och mindre klokt valda ord hade lett till en moderering. Enig där!",no,,https://www.reddit.com/user/ICA_Basic_Vodka/,https://styles.redditmedia.com/t5_811s4u/styles/profileIcon_jg2446wky6ug1.png?frame=1&auto=webp&crop=256%3A256%2Csmart&s=c91fd759dabf6e3d518ec99662a08557f7d93767
35,,ICA_Basic_Vodka,"2026-04-20 14:30:45",2,">Att rapportera är helt poänglöst, särskilt eftersom att det ofta är modsen själva som beter sig på detta vis.

Kommentar; vi i Mod-teamet hanterar inte eventuella rapporter mot oss själva, de överlåter vi till varandra. Detta för att vi inte skall öppna för bias och för att vi skall leva våra principer: inga styvbarn, inga kelgrisar - vi modar blint, samma för alla. Och alla inkluderar givetvis oss själva.",no,,https://www.reddit.com/user/ICA_Basic_Vodka/,https://styles.redditmedia.com/t5_811s4u/styles/profileIcon_jg2446wky6ug1.png?frame=1&auto=webp&crop=256%3A256%2Csmart&s=c91fd759dabf6e3d518ec99662a08557f7d93767
36,,ICA_Basic_Vodka,"2026-04-20 14:32:38",2,"Så är det - det är givetvis Mossad som driver subben.",no,,https://www.reddit.com/user/ICA_Basic_Vodka/,https://styles.redditmedia.com/t5_811s4u/styles/profileIcon_jg2446wky6ug1.png?frame=1&auto=webp&crop=256%3A256%2Csmart&s=c91fd759dabf6e3d518ec99662a08557f7d93767
37,,durakraft,"2026-04-20 14:32:59",0,"Från en intresserad medborgare som följt utvecklingen aktivt dom senaste 40 åren och tagit del av mycket av historien från vi tyckte oss se ett slut på alla krig i form av första världskriget en bild som förvärrades och tillslut ledde till att vi insåg problemen med den här civilisationen utifrån alla perspektiv och nya discipliner som skapades.

1 Politik nu för tiden är starkt influerad av detta och ur ett evolutionärt perspektiv ser vi hur våran hjärna fungerar samtidigt som vi har goda teorier om sociala faktorer som collective effervesence (hur många tillsammans upplever starka känslor). Detta tillsammans med dagens debatt klimat och hur snabbt information färdas i förhållande till hur lite och utspridd den blir i våran hjärna på grund av bristande uppmärksamhets spann och lagring av den ger många diskussioner som slutar i personangrepp snarare än att prata om ämnet.

2 Jag pratar gärna teorin om allting snarare än politik för det vi har gjort i ett par tusen år som civlisation visar sig bara mer och mer oempatiskt, omoraliskt och hur vi reagerar utan tanke på reson snarare än ger oss ett perspektiv där vi med empatin kan se att det finns flera alternativ, om vi ska lösa några av problemen så behöver vi prata med alla även dom som propagerar för hårdare lagar eller auktoritära ledare- hur vi ska komma dit övergår min voluntära eller hellre aktivistiskasida vilket är det viktigaste sättet för en befolkning att aktivera sig mot saker som upplevs fel och varför vi har organisationsfrihet och pressfrihet som ett av dom sista länderna på den listan. Vissa samtal ter sig som sagt var direkt otillbörliga med direkta ad hominems vilket en kan tolka på samma sätt som att det är farligt att hålla i kökskniven då det rummet är farligast i huset enligt statistiken, backar gör jag dock sällan.

3 Jag upplever att modarationen går trögt här, jag postar konstiga saker men det är för att vi inte har annat än teorier som förklarar verkligheten- vi vet helt enkelt inte allt och den fasaden håller på att falla.

4 Alla diskussioner är bra, vi måste lära att prata med alla som sagt. Det finns ett tydligt tecken på att vi har gjort fel och sen har det bara blivit värre. En dellösning är att upplösa staten israel som skapades som en eftergift för att ge en grupp människor starkt traumatiserade av krig, förstörelse och utrotning- något som dom bara har fortsatt med och utvecklat- på detta finns det tusentals disparata exempel på redan innan det årtiondet tog slut. Tack till det kollektiva medvetandet i frågan.

",no,,https://www.reddit.com/user/durakraft/,https://styles.redditmedia.com/t5_572mia/styles/profileIcon_snoofc06cf3b-252a-4ab7-878e-9a637b7c67aa-headshot.png?frame=1&auto=webp&crop=256%3A256%2Csmart&s=23b024817178c757f9b140887c5c40205d3249eb
38,,bronet,"2026-04-20 14:36:38",-1,"Tråkigt att höra, då finns det inte riktigt någon vettig förklaring över varför det fungerar så pass dåligt.",no,,https://www.reddit.com/user/bronet/,https://preview.redd.it/snoovatar/avatars/6ebe94ca-afb4-441b-9ad1-702378abf4ec-headshot.png?auto=webp&s=cf379e7023632988d80025416981b9f0f2b17b80
39,,whiskeythreeniner,"2026-04-20 14:54:53",3,"Reddit är en hästsko. Det är långt ifrån hur verksamheten ser ut.",no,,https://www.reddit.com/user/whiskeythreeniner/,https://styles.redditmedia.com/t5_44b13m/styles/profileIcon_71zdz0zf29691.jpg?frame=1&auto=webp&crop=256%3A256%2Csmart&s=6b945dbf6c3ecd030680a65053647fb334caf229
40,,Pfizerslut,"2026-04-20 14:57:01",2,"Precis som våra politiker samt våran media. Alltid undrat varför sveriges media är så anti svensk, kallar dig rasist om du inte är okej med att din dotter blir våldtagen av araber för hennes vita [hudfärg](http://hudfärg.men) ",no,,https://www.reddit.com/user/Pfizerslut/,https://www.redditstatic.com/avatars/defaults/v2/avatar_default_0.png
41,,ICA_Basic_Vodka,"2026-04-20 15:05:10",0,"Japp. Det är Judarna. Det är Juuuuuudarna! Dom styr aaaaaaaaallt! 😱 Givetvis.

Det är ju inte så att du är en psykiskt galen konspirationsteoretiker som fått brain-rot på nazistiska konspirationsteorier...",no,,https://www.reddit.com/user/ICA_Basic_Vodka/,https://styles.redditmedia.com/t5_811s4u/styles/profileIcon_jg2446wky6ug1.png?frame=1&auto=webp&crop=256%3A256%2Csmart&s=c91fd759dabf6e3d518ec99662a08557f7d93767
42,,FuriousRageSE,"2026-04-20 15:28:04",3,"Det funkar bra, när man inte bannar folk som tycker annorlunda mot fascistvänstern",no,,https://www.reddit.com/user/FuriousRageSE/,https://styles.redditmedia.com/t5_1hy9xo/styles/profileIcon_v6fcdctbcekf1.png?frame=1&auto=webp&crop=256%3A256%2Csmart&s=a3922bf51ee383780bf7b96046b8c3d00fbea41f
43,,Pfizerslut,"2026-04-20 15:30:11",3,"Du kanske bör läsa FBIs epstein dokument? men det kräver såklart för mycket hjärnkapacitet för ett reddit AI konto

Det är fullt normalizerat att ropa ryssbott till varje konto som inte vill gå in i 3dje världskriget med ryssland samt betala 100 000 miljarder till ukraina varje år i pengatvätt, då är man ett rysstroll, men ack om du nämner juuuuudarna, då får svennen en psykos

Hur många covid vaccin tog du? hihi. stannade du vid 2 efter att det blev offentligt att dom skapade massdöd eller fortsatte du med booster 4-5-6",no,,https://www.reddit.com/user/Pfizerslut/,https://www.redditstatic.com/avatars/defaults/v2/avatar_default_0.png
44,,bronet,"2026-04-20 15:32:45",0,"Case in point på min första kommentar",no,,https://www.reddit.com/user/bronet/,https://preview.redd.it/snoovatar/avatars/6ebe94ca-afb4-441b-9ad1-702378abf4ec-headshot.png?auto=webp&s=cf379e7023632988d80025416981b9f0f2b17b80
45,,couragebooster,"2026-04-20 16:23:09",1,">inga styvbarn, inga kelgrisar

Kanske finns en liten, liten gråsosse längst där inne. 🤓",no,,https://www.reddit.com/user/couragebooster/,https://styles.redditmedia.com/t5_8xvyqm/styles/profileIcon_u4mat3t7x2eb1.jpg?frame=1&auto=webp&crop=256%3A256%2Csmart&s=f0922ee3952065622d585be9e88dd078aea9f84b
46,,Foot_master_67,"2026-04-20 16:36:02",0,"Skibidi sigma ballsack",no,,https://www.reddit.com/user/Foot_master_67/,
47,,ICA_Basic_Vodka,"2026-04-20 16:49:41",1,"😉 ",no,,https://www.reddit.com/user/ICA_Basic_Vodka/,https://styles.redditmedia.com/t5_811s4u/styles/profileIcon_jg2446wky6ug1.png?frame=1&auto=webp&crop=256%3A256%2Csmart&s=c91fd759dabf6e3d518ec99662a08557f7d93767
48,,BiggerCabbage,"2026-04-20 17:06:35",1,"Bror om covidvaccin orsaka massdöd hade det varit lite mer synligt.",no,,https://www.reddit.com/user/BiggerCabbage/,https://www.redditstatic.com/avatars/defaults/v2/avatar_default_0.png
49,,Pfizerslut,"2026-04-20 17:17:23",2,"Såsom t.ex att EU bannat varenda vaccin pga stroke, hjärtsvikt osv menar du. Inte ett enda som inte är stoppat

Låtsas inte som att du inte levt igenom dom senaste 5 åren ditt trollkonto. Detta är allmän kunskap för alla som har tillgång till internet. Omöjligt att inte sett alla intervjuer med forskare, läkare, datan från överdödligheten vilket motsvarar 10 000 tals dödsfall extra varje vecka pga vaccinet

Juden och kändis biologiexperten brett weinstein berättar att datan ligger på 17 miljoner dödsfall och detta var för 3-4 årsen. Så varit känt i många år spela inte dum",no,,https://www.reddit.com/user/Pfizerslut/,https://www.redditstatic.com/avatars/defaults/v2/avatar_default_0.png
50,,BiggerCabbage,"2026-04-20 17:24:19",1,"Va? EU har inte bannat alla vaccin, det finns ju hur många som helst?? ",no,,https://www.reddit.com/user/BiggerCabbage/,https://www.redditstatic.com/avatars/defaults/v2/avatar_default_0.png
51,,HardStuffing,"2026-04-20 18:06:33",2,"Tonläget är hetsigt och fyllt av anklagelser om det ena och det andra. Det har blivit kutym att genast bemöta en åsikt med att sätta stämpel på personen som framfört åsikten, helst av allt ska man klistra epitet på folk redan i första meningen. Alla åsikter är för det mesta välkomna men i.o.m hur Reddit fungerar så är det lätt att ""oönskade"" åsikter försvinner långt ner där de är utom synhåll.

Förut kunde man ha en diskussion utan att för den delen attackera någon eller att sätta epitet på personen men så fungerar det inte längre. Den som framför sin åsikt på nätet idag ska kategoriseras och attackeras därefter. Det är svart eller vitt som gäller, åsikter har blivit fakta och det finns inget mellanting utan antingen är man för eller emot. Att hålla två tankar i huvudet är en konst som få idag verkar behärska, eller ens känner till. 

Idag har vi två läger som hetsar mot varandra. De är beväpnade med klichéer och de senaste trendorden som man tagit del av från någon politisk influenser. Den som kommer med en unik åsikt blir snabbt knivad av båda lägren och stämplad som icke-önskvärd. Bottarna (vilka har blivit ett rejält problem som behöver hanteras snarast) hjälper till att piska upp stämningen också.

""Du är höger och därmed efterbliven"" ""Du är vänster och därmed ett jävla sär"" ""Du håller inte med mig och är därför min fiende"". Sådan är ""diskussionen"" numera och därför väljer jag sällan att engagera mig i den.

Jag hade önskat att folk kunde ta ett steg tillbaka och överblicka situationen, analysera och försöka förstå sig på vad som sker och varför det sker.",no,,https://www.reddit.com/user/HardStuffing/,https://www.redditstatic.com/avatars/defaults/v2/avatar_default_3.png
52,,Nyknullad,"2026-04-20 19:07:14",1,"Användare

1. Det finns plats för alla åsikter men folk har för länge sedan gett upp att diskutera, det blir kastande av floskler och ignorerande av motståndarens argument direkt. Det är ett diskussionsforum på högstadienivå., 

2. Jag backar sällan ur. Jag vill se vart diskussionen tar mig och det vanligaste är att den andre slutar svara. Min teori är att många väljer att ghosta istället för att erkänna att de blivit överbevisade / inte kan svara på frågan / blivit ägda. 

3. Ta bara bort ren skit och olagligheter. Det ska vara högt i tak på ett forum som det här där hälften ändå bara trollar och postar länklar. Vore ambitionen att uppnå riktig diskussion och debatt skulle det kräva mer och annan typ av moderering. 

4. Jag lär mig mycket om människor men inte så mycket om politik. Som sagt, diskussionerna är absolut inte konstruktiva, det är nog ingen som vill ha det längre. Dock är det sällan fientligt.",no,,https://www.reddit.com/user/Nyknullad/,https://preview.redd.it/snoovatar/avatars/a0788fe6-5a08-445c-ae44-efd1d733e0f7-headshot.png?auto=webp&s=a77db166de8c59734a47b687af293f9a67c918b9
53,,couragebooster,"2026-04-20 20:50:30",2,"**1. Hur upplever du tonläget när politiska ämnen diskuteras här? Känns det som att det finns plats för olika åsikter, eller blir det snabbt ""vi mot dem""?**

Tonläget är ofta hårt och osakligt. Trådar och kommentarer som ifrågasätter pöbelhögerns världsbild och åsikter röstas (med några undantag) ner nästan omedelbart. Ofta sker det av feghet av kommentatorer som inte vågar ta diskussionen för att de vet att du inte skulle vinna den.

De som väl bemöter argumenten använder ofta olika former av personpåhopp eller logiska felslut (särskilt vilseledande whataboutism). Ofta blir man anklagad för att vara en påverkansoperatör från sossarna. Det är en patetisk rationalisering för att förklara bort existensen av människor som inte tycker som dem själva.

**2. När väljer du att backa ur? Finns det något specifikt mönster eller beteende hos andra som gör att du slutar diskutera eller väljer att reporta ett inlägg?**

När jag tröttnar. Reddits kommentarsfunktion är också så att svar läggs i undertråd efter undertråd så till slut är det ingen som ser vad man skriver.

**3. Vad är ""bra moderation"" för dig? Var går gränsen mellan att hålla en god ton och att det blir för mycket censur?**

Man skulle kunna moderera kommentarer som enbart kallar något för idiot eller liknande.

**4. Finner ni diskussionerna konstruktiva och lärorika, eller tenderar de att bli fientliga och polariserade?**

Konstruktiva och lärorika är de absolut inte. Mitt syfte här är mest för att penetrera högerpöbelns ideologiska bubbla med fakta, förnuft och vänsterperspektiv.",no,,https://www.reddit.com/user/couragebooster/,https://styles.redditmedia.com/t5_8xvyqm/styles/profileIcon_u4mat3t7x2eb1.jpg?frame=1&auto=webp&crop=256%3A256%2Csmart&s=f0922ee3952065622d585be9e88dd078aea9f84b
54,,Corrupt_Philosopher,"2026-04-21 07:03:20",0,"1. Polariserat men plats och utrymme för båda poler, väldigt svart eller vitt alldeles för ofta.
2. Ad hominem, uppenbar och medveten feltolkning.
3. Håller distans men är tydliga med reglerna och synliga ifall något går fel.
4. Fientliga och polariserande, men det är inte oväntat, det är svårt att undvika det på ett ställe som har högt i tak och är tillåtande till alla åsikter. De mest extrema är de som skriker mest. ",no,,https://www.reddit.com/user/Corrupt_Philosopher/,https://styles.redditmedia.com/t5_bzgx2/styles/profileIcon_snoo5d6ab241-8b42-460a-9298-cb1512378c6a-headshot.png?frame=1&auto=webp&crop=256%3A256%2Csmart&s=c9fac6ee4b18abc2b7014c5116e8ae29168e84ce
55,,Traditional_Fee_1965,"2026-04-21 13:06:08",2,"Jag har nog faktiskt inget att tillägga. Ica gör en ordentlig summering som jag instämmer med!",no,,https://www.reddit.com/user/Traditional_Fee_1965/,https://styles.redditmedia.com/t5_3wb4vj/styles/profileIcon_snoo-nftv2_bmZ0X2VpcDE1NToxMzdfYzhkM2EzYTgzYmRlNWRhZDA2ZDQzNjY5NGUzZTIyYWMzZTY0ZDU3N18zOTY0NTU1_rare_b111710d-8b47-4883-9d7c-83435d47fb43-headshot.png?frame=1&auto=webp&crop=256%3A256%2Csmart&s=badc9e84cb566e97eb355d4e0b0da5d2562af751
